Date,Value
12/31/17,13215.57
12/30/17,14640.13
12/29/17,14380.58
12/28/17,15589.32
12/27/17,15999.04
12/26/17,14119.02
12/25/17,13949.17
12/24/17,15360.26
12/23/17,15190.94
12/22/17,16047.51
12/21/17,16026.27
12/20/17,17737.11
12/19/17,18961.85
12/18/17,19289.78
12/17/17,19498.68
12/16/17,17771.89
12/15/17,16678.89
12/14/17,16808.36
12/13/17,17276.39
12/12/17,16762.11
12/11/17,14869.8
12/10/17,15142.83
12/9/17,16007.43
12/8/17,16501.97
12/7/17,13540.98
12/6/17,11878.43
12/5/17,11584.82
12/4/17,11332.62
12/3/17,11071.36
12/2/17,10883.91
12/1/17,10147.37
11/30/17,9879.32
11/29/17,9952.5
11/28/17,9718.29
11/27/17,9284.14
11/26/17,8707.4
11/25/17,8250.97
11/24/17,8148.94
11/23/17,8268.03
11/22/17,8059.8
11/21/17,8255.59
11/20/17,8007.65
11/19/17,7817.14
11/18/17,7786.88
11/17/17,7815.03
11/16/17,7301.42
11/15/17,6635.41
11/14/17,6550.22
11/13/17,5716.3
11/12/17,6362.85
11/11/17,6719.39
11/10/17,7158.03
11/9/17,7415.87
11/8/17,7092.12
11/7/17,6989.07
11/6/17,7377.01
11/5/17,7437.54
11/4/17,7197.72
11/3/17,7068.02
11/2/17,6665.3
11/1/17,6388.64
10/31/17,6105.87
10/30/17,6155.43
10/29/17,5776.69
10/28/17,5772.5
10/27/17,5893.13
10/26/17,5669.62
10/25/17,5505.82
10/24/17,5876.07
10/23/17,5983.18
10/22/17,6020.37
10/21/17,5979.45
10/20/17,5727.63
10/19/17,5546.17
10/18/17,5603.71
10/17/17,5711.2
10/16/17,5647.31
10/15/17,5739.43
10/14/17,5563.8
10/13/17,5325.13
10/12/17,4819.48
10/11/17,4782.27
10/10/17,4777.96
10/9/17,4602.28
10/8/17,4376.19
10/7/17,4345.6
10/6/17,4338.85
10/5/17,4225.17
10/4/17,4293.3
10/3/17,4386.88
10/2/17,4360.72
10/1/17,4335.36
9/30/17,4193.57
9/29/17,4201.98
9/28/17,4202.55
9/27/17,3910.3
9/26/17,3942.55
9/25/17,3703.04
9/24/17,3776.38
9/23/17,3637.5
9/22/17,3658.89
9/21/17,3977.56
9/20/17,3943.41
9/19/17,4093.31
9/18/17,3746.06
9/17/17,3763.62
9/16/17,3774.26
9/15/17,3319.62
9/14/17,3961.27
9/13/17,4219.03
9/12/17,4248.09
9/11/17,4329.95
9/10/17,4375.55
9/9/17,4310.75
9/8/17,4654.65
9/7/17,4641.82
9/6/17,4488.72
9/5/17,4344.09
9/4/17,4648.15
9/3/17,4580.38
9/2/17,4911.74
9/1/17,4748.25
8/31/17,4594.98
8/30/17,4607.98
8/29/17,4391.67
8/28/17,4354.3
8/27/17,4360.51
8/26/17,4363.05
8/25/17,4340.31
8/24/17,4174.94
8/23/17,4082.18
8/22/17,4043.72
8/21/17,4157.95
8/20/17,4222.66
8/19/17,4130.44
8/18/17,4328.72
8/17/17,4360.87
8/16/17,4217.02
8/15/17,4282.99
8/14/17,4125.54
8/13/17,3852.8
8/12/17,3632.5
8/11/17,3424.4
8/10/17,3357.32
8/9/17,3457.37
8/8/17,3407.22
8/7/17,3252.56
8/6/17,3218.11
8/5/17,2873.85
8/4/17,2794.11
8/3/17,2693.63
8/2/17,2710.41
8/1/17,2866.43
7/31/17,2745.95
7/30/17,2722.51
7/29/17,2781.63
7/28/17,2647.62
7/27/17,2495.02
7/26/17,2560.99
7/25/17,2751.82
7/24/17,2725.54
7/23/17,2807.6
7/22/17,2682.19
7/21/17,2898.18
7/20/17,2264.76
7/19/17,2320.12
7/18/17,2176.62
7/17/17,1931.21
7/16/17,2058.99
7/15/17,2190.94
7/14/17,2354.78
7/13/17,2385.74
7/12/17,2369.86
7/11/17,2366.17
7/10/17,2536.23
7/9/17,2562.13
7/8/17,2491.2
7/7/17,2609.96
7/6/17,2619.18
7/5/17,2599.72
7/4/17,2561.22
7/3/17,2501.19
7/2/17,2434.07
7/1/17,2477.64
6/30/17,2544.41
6/29/17,2585.34
6/28/17,2517.9
6/27/17,2436.45
6/26/17,2512.36
6/25/17,2589.16
6/24/17,2710.41
6/23/17,2727.28
6/22/17,2671.04
6/21/17,2754.97
6/20/17,2617.21
6/19/17,2507.38
6/18/17,2665.92
6/17/17,2464.95
6/16/17,2442.48
6/15/17,2447.04
6/14/17,2748.18
6/13/17,2657.67
6/12/17,2961.82
6/11/17,2845.37
6/10/17,2827.49
6/9/17,2792.99
6/8/17,2664.92
6/7/17,2883.31
6/6/17,2698.31
6/5/17,2516.17
6/4/17,2525.76
6/3/17,2446.14
6/2/17,2399.24
6/1/17,2285.93
5/31/17,2239.2
5/30/17,2275.93
5/29/17,2192.98
5/28/17,2014.05
5/27/17,2211.97
5/26/17,2387.2
5/25/17,2379.19
5/24/17,2287.71
5/23/17,2090.66
5/22/17,2046.53
5/21/17,2052.9
5/20/17,1961.52
5/19/17,1899.08
5/18/17,1807.48
5/17/17,1739.03
5/16/17,1723.12
5/15/17,1776.31
5/14/17,1771.92
5/13/17,1720.47
5/12/17,1820.99
5/11/17,1762.88
5/10/17,1721.28
5/9/17,1640.61
5/8/17,1535.86
5/7/17,1560.41
5/6/17,1533.33
5/5/17,1508.29
5/4/17,1507.57
5/3/17,1452.07
5/2/17,1417.17
5/1/17,1353
4/30/17,1334.97
4/29/17,1331.29
4/28/17,1345.35
4/27/17,1309.1
4/26/17,1279.41
4/25/17,1262.9
4/24/17,1257.98
4/23/17,1261.31
4/22/17,1258.36
4/21/17,1241.68
4/20/17,1217.93
4/19/17,1216.18
4/18/17,1205.63
4/17/17,1186.92
4/16/17,1184.88
4/15/17,1185.26
4/14/17,1180.02
4/13/17,1218.92
4/12/17,1226.61
4/11/17,1207.74
4/10/17,1208.8
4/9/17,1181.14
4/8/17,1190.45
4/7/17,1196.3
4/6/17,1133.07
4/5/17,1141.6
4/4/17,1141.81
4/3/17,1099.16
4/2/17,1086.92
4/1/17,1079.54
3/31/17,1037.9
3/30/17,1040.57
3/29/17,1046.12
3/28/17,1037.22
3/27/17,956.78
3/26/17,959.34
3/25/17,941.91
3/24/17,1038.78
3/23/17,1028.72
3/22/17,1118.63
3/21/17,1049.08
3/20/17,1029.8
3/19/17,952.23
3/18/17,1091.17
3/17/17,1180.94
3/16/17,1257.39
3/15/17,1245.37
3/14/17,1239.81
3/13/17,1227.49
3/12/17,1179.15
3/11/17,1098.61
3/10/17,1192.46
3/9/17,1157.39
3/8/17,1238.44
3/7/17,1275.19
3/6/17,1270.93
3/5/17,1267.02
3/4/17,1285.14
3/3/17,1259.41
3/2/17,1222.49
3/1/17,1187.56
2/28/17,1190.75
2/27/17,1175.04
2/26/17,1150.6
2/25/17,1174.86
2/24/17,1172.01
2/23/17,1123.22
2/22/17,1123.78
2/21/17,1084.75
2/20/17,1052.77
2/19/17,1056.63
2/18/17,1055.53
2/17/17,1035.2
2/16/17,1012.32
2/15/17,1011.78
2/14/17,999.87
2/13/17,1000.6
2/12/17,1008.84
2/11/17,999.1
2/10/17,976.1
2/9/17,1052.37
2/8/17,1050.11
2/7/17,1024.01
2/6/17,1014.83
2/5/17,1030.99
2/4/17,1013.02
2/3/17,1007.61
2/2/17,979.7
2/1/17,964.7
1/31/17,921.17
1/30/17,915.93
1/29/17,920.31
1/28/17,919.27
1/27/17,915.95
1/26/17,893.04
1/25/17,890.32
1/24/17,922.07
1/23/17,918.6
1/22/17,920.44
1/21/17,893.62
1/20/17,895.79
1/19/17,874.99
1/18/17,903.84
1/17/17,830.5
1/16/17,822.2
1/15/17,817.91
1/14/17,826.29
1/13/17,803.37
1/12/17,785.22
1/11/17,906.05
1/10/17,894.18
1/9/17,908.14
1/8/17,896.83
1/7/17,883.09
1/6/17,994.67
1/5/17,1126.76
1/4/17,1023.14
1/3/17,1015.97
1/2/17,997.72
1/1/17,959.87
12/31/16,952.15
12/30/16,963.38
12/29/16,967.48
12/28/16,930.37
12/27/16,897.33
12/26/16,886.9
12/25/16,891.61
12/24/16,901.31
12/23/16,860.59
12/22/16,824.21
12/21/16,793.09
12/20/16,789.52
12/19/16,788.4
12/18/16,788.7
12/17/16,781.56
12/16/16,776.75
12/15/16,774.89
12/14/16,778.49
12/13/16,777
12/12/16,777
12/11/16,773.4
12/10/16,770.02
12/9/16,769.72
12/8/16,766.11
12/7/16,756.62
12/6/16,754.63
12/5/16,764.81
12/4/16,764.33
12/3/16,772.43
12/2/16,752.24
12/1/16,742.69
11/30/16,732.71
11/29/16,733.05
11/28/16,727.96
11/27/16,733.67
11/26/16,739.78
11/25/16,737.45
11/24/16,741.63
11/23/16,748.74
11/22/16,738.53
11/21/16,729.06
11/20/16,750.03
11/19/16,747.52
11/18/16,736.96
11/17/16,736.91
11/16/16,710.91
11/15/16,706.46
11/14/16,701.9
11/13/16,703.71
11/12/16,715.45
11/11/16,713.69
11/10/16,720.93
11/9/16,708.97
11/8/16,703.81
11/7/16,712
11/6/16,704.79
11/5/16,703.69
11/4/16,686.17
11/3/16,733.33
11/2/16,728.2
11/1/16,702
10/31/16,698
10/30/16,714.89
10/29/16,687.68
10/28/16,682.22
10/27/16,672.22
10/26/16,655.31
10/25/16,651.39
10/24/16,653
10/23/16,655.48
10/22/16,631.92
10/21/16,630.22
10/20/16,629.25
10/19/16,636.29
10/18/16,638.18
10/17/16,641.42
10/16/16,637.94
10/15/16,639.56
10/14/16,635.96
10/13/16,635.01
10/12/16,639.3
10/11/16,617.54
10/10/16,615.65
10/9/16,618.04
10/8/16,617.21
10/7/16,612.08
10/6/16,612.35
10/5/16,609.62
10/4/16,611.85
10/3/16,610.51
10/2/16,614.82
10/1/16,609.39
9/30/16,606.36
9/29/16,605.67
9/28/16,605.96
9/27/16,608.14
9/26/16,601.74
9/25/16,603.88
9/24/16,604.22
9/23/16,597.42
9/22/16,598.88
9/21/16,609.74
9/20/16,610.19
9/19/16,611.58
9/18/16,608
9/17/16,609.11
9/16/16,610.38
9/15/16,612.08
9/14/16,610.92
9/13/16,609.67
9/12/16,608.15
9/11/16,625.76
9/10/16,625.07
9/9/16,627.77
9/8/16,614.46
9/7/16,611.09
9/6/16,608.1
9/5/16,610.59
9/4/16,600.88
9/3/16,576.21
9/2/16,572.81
9/1/16,574.82
8/31/16,578.61
8/30/16,575.22
8/29/16,576.53
8/28/16,571.54
8/27/16,581.07
8/26/16,579.86
8/25/16,582.84
8/24/16,586.18
8/23/16,588.97
8/22/16,582.82
8/21/16,583.2
8/20/16,576.65
8/19/16,576.03
8/18/16,575.51
8/17/16,581.11
8/16/16,570.14
8/15/16,570.97
8/14/16,586.43
8/13/16,587.75
8/12/16,589.24
8/11/16,592.18
8/10/16,588.77
8/9/16,592.69
8/8/16,594.27
8/7/16,588.23
8/6/16,576.55
8/5/16,577.31
8/4/16,565.05
8/3/16,515.06
8/2/16,606.32
8/1/16,628.01
7/31/16,654.73
7/30/16,656.88
7/29/16,655.32
7/28/16,654.98
7/27/16,655.06
7/26/16,654.69
7/25/16,661.41
7/24/16,655.84
7/23/16,651.58
7/22/16,664.88
7/21/16,665.64
7/20/16,672.84
7/19/16,673.2
7/18/16,675.45
7/17/16,662.15
7/16/16,664.57
7/15/16,658.83
7/14/16,657.45
7/13/16,672.76
7/12/16,647.98
7/11/16,648.09
7/10/16,651.86
7/9/16,659.55
7/8/16,636.35
7/7/16,673.78
7/6/16,666.48
7/5/16,676.32
7/4/16,658.41
7/3/16,701.71
7/2/16,675.18
7/1/16,671.4
6/30/16,637.95
6/29/16,646.37
6/28/16,646.7
6/27/16,627.39
6/26/16,664.9
6/25/16,660.6
6/24/16,624.54
6/23/16,587.45
6/22/16,665.95
6/21/16,729.19
6/20/16,760.81
6/19/16,754.36
6/18/16,743.91
6/17/16,762.43
6/16/16,692.28
6/15/16,685.24
6/14/16,702.0665
6/13/16,664.8465
6/12/16,594.4399875
6/11/16,577.549875
6/10/16,575.2941375
6/9/16,578.68
6/8/16,577.54
6/7/16,584.5
6/6/16,574.02
6/5/16,573.74
6/4/16,568
6/3/16,539.99
6/2/16,539.47
6/1/16,531.15
5/31/16,525.15
5/30/16,512.16
5/29/16,522.43
5/28/16,470.29
5/27/16,452.49
5/26/16,447.94
5/25/16,445.34
5/24/16,442.17
5/23/16,438
5/22/16,443.89
5/21/16,441.25
5/20/16,441.87
5/19/16,452.9
5/18/16,452.89
5/17/16,454.88
5/16/16,457.08
5/15/16,455.65
5/14/16,456.82
5/13/16,454.7
5/12/16,452.51
5/11/16,450
5/10/16,461.63
5/9/16,457.82
5/8/16,459.04
5/7/16,460.91
5/6/16,448.51
5/5/16,447.37
5/4/16,450.96
5/3/16,443.9
5/2/16,451.9
5/1/16,447.17
4/30/16,456.16
4/29/16,450
4/28/16,447.31
4/27/16,467.98
4/26/16,463.86
4/25/16,459.4
4/24/16,451.29
4/23/16,447.25
4/22/16,451
4/21/16,442.34
4/20/16,435.91
4/19/16,427.28
4/18/16,425.71
4/17/16,429.43
4/16/16,429.09
4/15/16,423.76
4/14/16,424.61
4/13/16,425.89
4/12/16,420.69
4/11/16,421.63
4/10/16,417.73
4/9/16,422.2
4/8/16,420.33
4/7/16,421.09
4/6/16,421.77
4/5/16,418.99
4/4/16,418.07
4/3/16,418.07
4/2/16,416.25
4/1/16,416.94
3/31/16,412.35
3/30/16,414
3/29/16,422.96
3/28/16,426.8
3/27/16,415.71
3/26/16,416.44
3/25/16,416.47
3/24/16,417.8
3/23/16,415.35
3/22/16,410.49
3/21/16,410.77
3/20/16,405.59
3/19/16,408.87
3/18/16,418.64
3/17/16,415.99
3/16/16,414.78
3/15/16,414.78
3/14/16,413.89
3/13/16,412.44
3/12/16,421.22
3/11/16,416
3/10/16,413.1
3/9/16,412.39
3/8/16,411.94
3/7/16,408.86
3/6/16,401
3/5/16,416.48
3/4/16,421.44
3/3/16,429.99
3/2/16,431.87
3/1/16,436.18
2/29/16,433.47
2/28/16,432
2/27/16,424.34
2/26/16,421.4
2/25/16,423.1
2/24/16,417
2/23/16,438.5
2/22/16,434.67
2/21/16,439.48
2/20/16,418.02
2/19/16,418.97
2/18/16,418.04
2/17/16,406.69
2/16/16,402.64
2/15/16,402.38
2/14/16,388.6
2/13/16,381.46
2/12/16,376.75
2/11/16,378.98
2/10/16,372.61
2/9/16,375.8
2/8/16,373.74
2/7/16,373.04
2/6/16,386.49
2/5/16,385.06
2/4/16,368.38
2/3/16,373.48
2/2/16,372
2/1/16,376.86
1/31/16,378.24
1/30/16,377.26
1/29/16,382.44
1/28/16,394.45
1/27/16,394.12
1/26/16,387.09
1/25/16,404.75
1/24/16,388.5
1/23/16,385.7
1/22/16,408
1/21/16,408.33
1/20/16,378.66
1/19/16,385.28
1/18/16,385.45
1/17/16,370.4
1/16/16,391.62
1/15/16,431.9
1/14/16,429.57
1/13/16,446.66
1/12/16,447.11
1/11/16,446.24
1/10/16,450.15
1/9/16,447.04
1/8/16,453.71
1/7/16,430.75
1/6/16,431.9
1/5/16,433
1/4/16,428.13
1/3/16,433.94
1/2/16,432.33
1/1/16,429.34
12/31/15,428
12/30/15,431.13
12/29/15,423.98
12/28/15,418.46
12/27/15,417.99
12/26/15,454.98
12/25/15,453.95
12/24/15,441.4
12/23/15,435.98
12/22/15,438.7
12/21/15,434.98
12/20/15,461.16
12/19/15,458.95
12/18/15,453.39
12/17/15,454.43
12/16/15,459.48
12/15/15,445.6
12/14/15,438.79
12/13/15,426.06
12/12/15,444.29
12/11/15,415.64
12/10/15,414.01
12/9/15,394.99
12/8/15,395.58
12/7/15,390.04
12/6/15,390.04
12/5/15,377.72
12/4/15,362.49
12/3/15,360.98
12/2/15,359.32
12/1/15,372.53
11/30/15,363.98
11/29/15,353.88
11/28/15,359.54
11/27/15,348
11/26/15,325
11/25/15,321.1
11/24/15,324.49
11/23/15,322.33
11/22/15,325.56
11/21/15,320.62
11/20/15,329
11/19/15,334.46
11/18/15,335.95
11/17/15,329.32
11/16/15,322.33
11/15/15,331.9
11/14/15,332.2
11/13/15,331.6
11/12/15,309.9
11/11/15,353.58
11/10/15,378.8
11/9/15,381.51
11/8/15,387.38
11/7/15,388.38
11/6/15,400
11/5/15,437.05
11/4/15,409
11/3/15,340.69
11/2/15,311.5
11/1/15,310.92
10/31/15,329.2
10/30/15,310.36
10/29/15,298.95
10/28/15,294.73
10/27/15,284.95
10/26/15,295.01
10/25/15,279.9
10/24/15,277.43
10/23/15,273.95
10/22/15,269.1
10/21/15,269.8
10/20/15,264.16
10/19/15,262.44
10/18/15,262.44
10/17/15,269.07
10/16/15,262.31
10/15/15,254.73
10/14/15,254.6
10/13/15,249.58
10/12/15,246.63
10/11/15,248.08
10/10/15,245.79
10/9/15,244.78
10/8/15,243.91
10/7/15,245.25
10/6/15,246.67
10/5/15,239.22
10/4/15,239.47
10/3/15,239.17
10/2/15,237.78
10/1/15,238.98
9/30/15,237.91
9/29/15,237.68
9/28/15,238.94
9/27/15,232.85
9/26/15,235.79
9/25/15,233.9
9/24/15,229.95
9/23/15,229.43
9/22/15,226.56
9/21/15,230.2
9/20/15,230.71
9/19/15,232.99
9/18/15,234
9/17/15,227.86
9/16/15,230
9/15/15,230.88
9/14/15,229.86
9/13/15,235.13
9/12/15,239.93
9/11/15,239.68
9/10/15,240.08
9/9/15,243.08
9/8/15,241.31
9/7/15,240.2
9/6/15,234.67
9/5/15,230.8
9/4/15,227.42
9/3/15,230.68
9/2/15,228.32
9/1/15,230.94
8/31/15,226.47
8/30/15,228.22
8/29/15,234.17
8/28/15,228.27
8/27/15,228.84
8/26/15,222.02
8/25/15,213.24
8/24/15,228.68
8/23/15,226.04
8/22/15,233.59
8/21/15,233.23
8/20/15,233.29
8/19/15,253.91
8/18/15,257.45
8/17/15,257.47
8/16/15,257.47
8/15/15,265.41
8/14/15,266.99
8/13/15,265.97
8/12/15,267.89
8/11/15,265.85
8/10/15,264.07
8/9/15,265.42
8/8/15,269.89
8/7/15,279.39
8/6/15,277.1
8/5/15,282.69
8/4/15,285
8/3/15,284.39
8/2/15,280.69
8/1/15,280.72
7/31/15,284.78
7/30/15,287.56
7/29/15,290.7
7/28/15,295.24
7/27/15,290.79
7/26/15,292.33
7/25/15,287.12
7/24/15,287.3
7/23/15,276.64
7/22/15,277.54
7/21/15,278.97
7/20/15,278.26
7/19/15,276.09
7/18/15,278.08
7/17/15,277.99
7/16/15,275.76
7/15/15,290.95
7/14/15,292.87
7/13/15,289.9
7/12/15,309.3
7/11/15,293.5
7/10/15,286.98
7/9/15,270.68
7/8/15,269.68
7/7/15,267.26
7/6/15,273.37
7/5/15,270.92
7/4/15,257.92
7/3/15,255.1
7/2/15,255.06
7/1/15,257.85
6/30/15,262.53
6/29/15,253.8
6/28/15,248.76
6/27/15,248.5
6/26/15,241.19
6/25/15,241.92
6/24/15,240.64
6/23/15,243.92
6/22/15,246.35
6/21/15,242.47
6/20/15,244.08
6/19/15,246.45
6/18/15,248.25
6/17/15,249.96
6/16/15,245.35
6/15/15,236.46
6/14/15,232.05
6/13/15,230.22
6/12/15,229.98
6/11/15,229
6/10/15,228.01
6/9/15,230.1
6/8/15,228
6/7/15,222.6
6/6/15,224.49
6/5/15,224.15
6/4/15,225.54
6/3/15,226.29
6/2/15,224.83
6/1/15,222.4
5/31/15,231.95
5/30/15,231.12
5/29/15,235.87
5/28/15,236.48
5/27/15,235
5/26/15,235.94
5/25/15,235.65
5/24/15,240.46
5/23/15,238.77
5/22/15,240.5
5/21/15,236
5/20/15,234.6
5/19/15,232.04
5/18/15,236.45
5/17/15,235.78
5/16/15,236.63
5/15/15,237.6
5/14/15,238.32
5/13/15,242.72
5/12/15,241.51
5/11/15,244.19
5/10/15,239.35
5/9/15,241.08
5/8/15,244.72
5/7/15,233.99
5/6/15,235.79
5/5/15,234.66
5/4/15,236.17
5/3/15,240.51
5/2/15,234.13
5/1/15,233.43
4/30/15,235.13
4/29/15,225.69
4/28/15,222.66
4/27/15,222.59
4/26/15,218.42
4/25/15,228.6
4/24/15,230.93
4/23/15,235.48
4/22/15,237.34
4/21/15,224.88
4/20/15,224.63
4/19/15,225.72
4/18/15,222.32
4/17/15,222.67
4/16/15,229.62
4/15/15,218.96
4/14/15,216
4/13/15,225.99
4/12/15,236.76
4/11/15,236.7
4/10/15,235.71
4/9/15,244.98
4/8/15,245.89
4/7/15,255.48
4/6/15,254.7
4/5/15,257.03
4/4/15,253.77
4/3/15,254.39
4/2/15,252.44
4/1/15,242.7
3/31/15,242.92
3/30/15,245.18
3/29/15,244.05
3/28/15,251.52
3/27/15,248.63
3/26/15,251.98
3/25/15,245.68
3/24/15,247.83
3/23/15,266.07
3/22/15,260.5
3/21/15,257.83
3/20/15,259.8
3/19/15,260.62
3/18/15,265.85
3/17/15,287.02
3/16/15,290.88
3/15/15,283.57
3/14/15,284.21
3/13/15,289.51
3/12/15,297.39
3/11/15,293.29
3/10/15,294.06
3/9/15,287.48
3/8/15,273.87
3/7/15,275.83
3/6/15,272.12
3/5/15,265.63
3/4/15,281.65
3/3/15,275.8
3/2/15,263.81
3/1/15,247.56
2/28/15,252.98
2/27/15,254
2/26/15,237.5
2/25/15,238.59
2/24/15,240.1
2/23/15,237.09
2/22/15,236
2/21/15,245.66
2/20/15,243.56
2/19/15,241.59
2/18/15,234.87
2/17/15,244
2/16/15,235.86
2/15/15,243.99
2/14/15,245.31
2/13/15,239.94
2/12/15,221.83
2/11/15,221.99
2/10/15,220.16
2/9/15,220.39
2/8/15,223.5
2/7/15,225.16
2/6/15,220.47
2/5/15,217.37
2/4/15,222.56
2/3/15,236.51
2/2/15,223
2/1/15,220.72
1/31/15,229.7
1/30/15,230.11
1/29/15,233.19
1/28/15,249.25
1/27/15,266.03
1/26/15,271.47
1/25/15,247.11
1/24/15,244.64
1/23/15,233.03
1/22/15,233.9
1/21/15,215.2
1/20/15,212.99
1/19/15,212.39
1/18/15,211.18
1/17/15,197.12
1/16/15,205.35
1/15/15,218.11
1/14/15,176.5
1/13/15,230.89
1/12/15,270
1/11/15,272.25
1/10/15,278
1/9/15,276.8
1/8/15,276.8
1/7/15,276.8
1/6/15,276.8
1/5/15,276.8
1/4/15,270.93
1/3/15,302.33
1/2/15,316.15
1/1/15,315.7
12/31/14,317.4
12/30/14,313.09
12/29/14,314.49
12/28/14,317.5
12/27/14,314.45
12/26/14,328.09
12/25/14,319.31
12/24/14,327.59
12/23/14,336.96
12/22/14,332.53
12/21/14,326.93
12/20/14,325.7
12/19/14,317.63
12/18/14,317.7
12/17/14,318.2
12/16/14,336.73
12/15/14,352.15
12/14/14,353.28
12/13/14,350.31
12/12/14,355.08
12/11/14,356.1
12/10/14,350.97
12/9/14,350.29
12/8/14,367.01
12/7/14,375.73
12/6/14,374.05
12/5/14,373.98
12/4/14,371.67
12/3/14,378.25
12/2/14,381.93
12/1/14,381.72
11/30/14,375.96
11/29/14,377.22
11/28/14,376.12
11/27/14,372.62
11/26/14,371.44
11/25/14,381.03
11/24/14,384
11/23/14,362.99
11/22/14,359.8
11/21/14,356.9
11/20/14,361.7
11/19/14,374.77
11/18/14,379.91
11/17/14,378.48
11/16/14,383.65
11/15/14,373.14
11/14/14,396.56
11/13/14,406.56
11/12/14,430.07
11/11/14,365.04
11/10/14,375.87
11/9/14,356.34
11/8/14,345.84
11/7/14,342.26
11/6/14,347.96
11/5/14,341.99
11/4/14,328.72
11/3/14,325.81
11/2/14,326.41
11/1/14,327.39
10/31/14,340.95
10/30/14,337
10/29/14,343.53
10/28/14,354.94
10/27/14,356.5
10/26/14,355.43
10/25/14,348.89
10/24/14,358.46
10/23/14,363.99
10/22/14,385.1
10/21/14,387
10/20/14,384.95
10/19/14,388.99
10/18/14,389.68
10/17/14,382.83
10/16/14,378.02
10/15/14,394
10/14/14,411.89
10/13/14,381.46
10/12/14,364.83
10/11/14,359.99
10/10/14,358.97
10/9/14,378.94
10/8/14,346.26
10/7/14,330.7
10/6/14,331.2
10/5/14,293.67
10/4/14,336
10/3/14,363.75
10/2/14,375.85
10/1/14,385.27
9/30/14,382.67
9/29/14,381.94
9/28/14,380
9/27/14,400.74
9/26/14,405.14
9/25/14,408.08
9/24/14,431.91
9/23/14,423
9/22/14,400.98
9/21/14,406.3
9/20/14,415.56
9/19/14,398.89
9/18/14,428.19
9/17/14,448
9/16/14,468
9/15/14,475.3
9/14/14,475.49
9/13/14,479.86
9/12/14,470.43
9/11/14,469
9/10/14,485.03
9/9/14,466.48
9/8/14,476.61
9/7/14,480.62
9/6/14,481.09
9/5/14,485.91
9/4/14,486
9/3/14,472.76
9/2/14,483.65
9/1/14,482.59
8/31/14,477.98
8/30/14,503.88
8/29/14,511.99
8/28/14,509.39
8/27/14,514.84
8/26/14,512.79
8/25/14,503.79
8/24/14,510.75
8/23/14,503.88
8/22/14,518.25
8/21/14,525.78
8/20/14,507.3
8/19/14,487.5
8/18/14,468.19
8/17/14,491.88
8/16/14,509
8/15/14,498.16
8/14/14,521.66
8/13/14,550.14
8/12/14,569.54
8/11/14,578.97
8/10/14,588.99
8/9/14,588.61
8/8/14,589.3
8/7/14,587.24
8/6/14,581.6
8/5/14,580.21
8/4/14,593.94
8/3/14,589.79
8/2/14,591.59
8/1/14,601.94
7/31/14,586
7/30/14,573.48
7/29/14,581.5
7/28/14,586.96
7/27/14,592.51
7/26/14,595.88
7/25/14,602.59
7/24/14,601.18
7/23/14,622.01
7/22/14,621.03
7/21/14,619.14
7/20/14,623.77
7/19/14,630.92
7/18/14,629.86
7/17/14,626
7/16/14,619.48
7/15/14,623.17
7/14/14,622.8
7/13/14,630.9
7/12/14,631.98
7/11/14,630.31
7/10/14,619.78
7/9/14,624.84
7/8/14,623.7
7/7/14,621.98
7/6/14,634.49
7/5/14,632.78
7/4/14,635.49
7/3/14,644.04
7/2/14,654
7/1/14,654.45
6/30/14,620
6/29/14,596
6/28/14,597.08
6/27/14,588.97
6/26/14,569
6/25/14,567
6/24/14,585.54
6/23/14,591.5
6/22/14,596.08
6/21/14,590.99
6/20/14,593.33
6/19/14,604.32
6/18/14,604.6
6/17/14,597.65
6/16/14,595
6/15/14,560.49
6/14/14,557.92
6/13/14,582
6/12/14,617
6/11/14,639.99
6/10/14,649.89
6/9/14,650.93
6/8/14,652
6/7/14,654.3
6/6/14,655.75
6/5/14,658.72
6/4/14,644.66
6/3/14,673.9
6/2/14,631.49
6/1/14,674.98
5/31/14,620.45
5/30/14,609.03
5/29/14,568
5/28/14,574.33
5/27/14,581.87
5/26/14,584
5/25/14,575
5/24/14,521.52
5/23/14,527.47
5/22/14,523.84
5/21/14,494.87
5/20/14,485.01
5/19/14,446.42
5/18/14,447.14
5/17/14,449.08
5/16/14,449.51
5/15/14,448.99
5/14/14,447.49
5/13/14,438.95
5/12/14,441.5
5/11/14,435
5/10/14,452.42
5/9/14,452.02
5/8/14,441.5
5/7/14,446.65
5/6/14,430.33
5/5/14,427.83
5/4/14,436.21
5/3/14,434.5
5/2/14,447.51
5/1/14,460.01
4/30/14,449
4/29/14,447.7
4/28/14,447
4/27/14,440.1
4/26/14,463.88
4/25/14,459.15
4/24/14,491.6
4/23/14,487.3
4/22/14,493.33
4/21/14,496.5
4/20/14,500.19
4/19/14,499.9
4/18/14,479.98
4/17/14,495
4/16/14,511.5
4/15/14,489.91
4/14/14,453.14
4/13/14,405
4/12/14,424.98
4/11/14,427.99
4/10/14,401
4/9/14,443.1
4/8/14,454.07
4/7/14,447.74
4/6/14,459.67
4/5/14,451.84
4/4/14,446.01
4/3/14,446.31
4/2/14,445
4/1/14,479.51
3/31/14,457
3/30/14,449.02
3/29/14,499.94
3/28/14,503
3/27/14,520.2
3/26/14,585.7
3/25/14,580.02
3/24/14,572
3/23/14,567.13
3/22/14,557
3/21/14,579.99
3/20/14,590
3/19/14,608.41
3/18/14,627
3/17/14,624.7
3/16/14,634.94
3/15/14,636.29
3/14/14,636.47
3/13/14,642.61
3/12/14,642.1
3/11/14,622.9
3/10/14,621.99
3/9/14,637.99
3/8/14,609
3/7/14,621.3
3/6/14,657.02
3/5/14,664.85
3/4/14,677.61
3/3/14,666.5
3/2/14,559.88
3/1/14,571.5
2/28/14,577.97
2/27/14,585.17
2/26/14,585.38
2/25/14,528
2/24/14,545
2/23/14,626.77
2/22/14,603.98
2/21/14,566.16
2/20/14,582.7
2/19/14,623.93
2/18/14,626.77
2/17/14,642
2/16/14,623.5
2/15/14,651.42
2/14/14,672.1
2/13/14,633.99
2/12/14,667.01
2/11/14,670
2/10/14,665
2/9/14,710
2/8/14,707
2/7/14,742.78
2/6/14,778
2/5/14,800
2/4/14,809.05
2/3/14,813.8
2/2/14,819.57
2/1/14,815.99
1/31/14,802.5
1/30/14,799.37
1/29/14,803.6
1/28/14,800.2
1/27/14,777
1/26/14,826.77
1/25/14,806
1/24/14,789.1
1/23/14,813.02
1/22/14,813.05
1/21/14,822.56
1/20/14,831.72
1/19/14,833
1/18/14,801.53
1/17/14,793
1/16/14,830.9
1/15/14,847.7
1/14/14,820.75
1/13/14,807.83
1/12/14,851
1/11/14,891.85
1/10/14,827.46
1/9/14,809.17
1/8/14,825.29
1/7/14,867.38
1/6/14,934.21
1/5/14,896
1/4/14,822.38
1/3/14,806.21
1/2/14,758.01
1/1/14,746.9
12/31/13,731
12/30/13,739.1
12/29/13,714.79
12/28/13,701.61
12/27/13,715.51
12/26/13,734.42
12/25/13,658.07
12/24/13,647.27
12/23/13,639.9
12/22/13,637
12/21/13,612.5
12/20/13,660
12/19/13,653
12/18/13,576.16
12/17/13,702.05
12/16/13,709
12/15/13,848.17
12/14/13,864.7
12/13/13,874
12/12/13,845.75
12/11/13,886.2
12/10/13,936.98
12/9/13,871
12/8/13,722.99
12/7/13,727.29
12/6/13,894
12/5/13,1028.34
12/4/13,1151
12/3/13,1060
12/2/13,992.27
12/1/13,970
11/30/13,1119.96
11/29/13,1083.9
11/28/13,1009
11/27/13,961
11/26/13,844.9
11/25/13,814
11/24/13,833.16
11/23/13,837.99
11/22/13,761
11/21/13,694.95
11/20/13,595
11/19/13,559.99
11/18/13,583.16
11/17/13,463
11/16/13,433.53
11/15/13,428.24
11/14/13,416.5
11/13/13,391.64
11/12/13,353.95
11/11/13,339.38
11/10/13,296.91
11/9/13,359.76
11/8/13,325.56
11/7/13,292.32
11/6/13,258.23
11/5/13,246.63
11/4/13,225.1
11/3/13,206.85
11/2/13,204.15
11/1/13,203.24
10/31/13,201.61
10/30/13,203.39
10/29/13,202.09
10/28/13,196.25
10/27/13,189.06
10/26/13,179.71
10/25/13,172.81
10/24/13,195.78
10/23/13,199.95
10/22/13,191.78
10/21/13,177.07
10/20/13,165.71
10/19/13,165.05
10/18/13,150.59
10/17/13,143.33
10/16/13,141.83
10/15/13,139.24
10/14/13,135.69
10/13/13,129.74
10/12/13,127.53
10/11/13,126.84
10/10/13,126.43
10/9/13,126.08
10/8/13,123.84
10/7/13,123.6
10/6/13,121.6
10/5/13,121.51
10/4/13,122
10/3/13,116.95
10/2/13,104.47
10/1/13,127.11
9/30/13,125.8
9/29/13,128.1
9/28/13,126.5
9/27/13,125.6
9/26/13,123.85
9/25/13,124.18
9/24/13,122.59
9/23/13,123.02
9/22/13,122.78
9/21/13,123.5
9/20/13,123.98
9/19/13,124.1
9/18/13,127.23
9/17/13,127.56
9/16/13,126.02
9/15/13,125.46
9/14/13,124.32
9/13/13,128.29
9/12/13,128.45
9/11/13,124.1
9/10/13,123.39
9/9/13,121.66
9/8/13,118.51
9/7/13,120.15
9/6/13,122.44
9/5/13,124.51
9/4/13,126.74
9/3/13,130.45
9/2/13,131.03
9/1/13,130.82
8/31/13,132.75
8/30/13,124.79
8/29/13,119.48
8/28/13,119.25
8/27/13,117.52
8/26/13,111.8
8/25/13,112.9
8/24/13,108.79
8/23/13,107.48
8/22/13,111.01
8/21/13,109.75
8/20/13,104.59
8/19/13,102.07
8/18/13,99.02
8/17/13,98.39
8/16/13,98.51
8/15/13,98.28
8/14/13,100.03
8/13/13,107.29884
8/12/13,104.99498
8/11/13,103.85001
8/10/13,102.61802
8/9/13,102.3
8/8/13,101.9
8/7/13,105.6
8/6/13,106.88378
8/5/13,106.4
8/4/13,104.67459
8/3/13,103.80001
8/2/13,105.5
8/1/13,104.19
7/31/13,104.95555
7/30/13,101.89998
7/29/13,101.04202
7/28/13,99.00001
7/27/13,95.20461
7/26/13,96.39475
7/25/13,96.2
7/24/13,93.6216
7/23/13,95.396
7/22/13,91.788
7/21/13,88.93999
7/20/13,91.8775
7/19/13,93.41082
7/18/13,90.40001
7/17/13,97.97
7/16/13,97.01
7/15/13,98.37516
7/14/13,94.75
7/13/13,95.995
7/12/13,97.8
7/11/13,87.15
7/10/13,78.58899
7/9/13,76.32791
7/8/13,77.64
7/7/13,70.942
7/6/13,69.34602
7/5/13,67.85844
7/4/13,79.8
7/3/13,82.8
7/2/13,89.55
7/1/13,90.998
6/30/13,96.5
6/29/13,95.85301
6/28/13,96.63498
6/27/13,102.79001
6/26/13,104.40565
6/25/13,103.86665
6/24/13,101.96936
6/23/13,107.68389
6/22/13,109.09
6/21/13,111
6/20/13,111.97
6/19/13,107.835
6/18/13,107.38999
6/17/13,100.52521
6/16/13,100
6/15/13,101.96998
6/14/13,100
6/13/13,109
6/12/13,108.16201
6/11/13,108
6/10/13,104.96851
6/9/13,98.47045
6/8/13,107.8
6/7/13,110.29501
6/6/13,120.68998
6/5/13,122.4051
6/4/13,120.56663
6/3/13,120.00002
6/2/13,120.60293
6/1/13,129.19945
5/31/13,127.34072
5/30/13,130.99589
5/29/13,129.97994
5/28/13,128.321
5/27/13,132.60997
5/26/13,134.04701
5/25/13,132.69
5/24/13,131.5
5/23/13,125.67
5/22/13,122.64
5/21/13,122.5
5/20/13,122.65001
5/19/13,121.05628
5/18/13,123.74995
5/17/13,124.49
5/16/13,115.09024
5/15/13,114.98499
5/14/13,119
5/13/13,117.50298
5/12/13,114.32
5/11/13,115.4
5/10/13,117.68
5/9/13,109.56154
5/8/13,113.95001
5/7/13,106.81
5/6/13,120.94999
5/5/13,117.89001
5/4/13,111.98979
5/3/13,93.15
5/2/13,105.00003
5/1/13,124.2998
4/30/13,139.109
4/29/13,141.50002
4/28/13,135.98999
4/27/13,128.00001
4/26/13,135.601
4/25/13,151.12001
4/24/13,153.20019
4/23/13,136.08099
4/22/13,123.515
4/21/13,125
4/20/13,123.86
4/19/13,119.62
4/18/13,96.5
4/17/13,85.59999
4/16/13,91
4/15/13,91
4/14/13,91
4/13/13,109.49999
4/12/13,76.488
4/11/13,123.40098
4/10/13,198
4/9/13,237.99
4/8/13,184
4/7/13,160.0997
4/6/13,142.49765
4/5/13,143.8
4/4/13,131.99899
4/3/13,138.79
4/2/13,108.73
4/1/13,102.51001
3/31/13,92.50001
3/30/13,90.99999
3/29/13,89.05
3/28/13,93.56701
3/27/13,88.9
3/26/13,78
3/25/13,73.88798
3/24/13,70.1
3/23/13,63
3/22/13,71.5
3/21/13,73.8
3/20/13,63.40967
3/19/13,57.76
3/18/13,47.65
3/17/13,47.4419
3/16/13,47.11
3/15/13,47.25005
3/14/13,47.27589
3/13/13,46.79999
3/12/13,45.01771
3/11/13,47.7397
3/10/13,46.5
3/9/13,46.01112
3/8/13,42.98
3/7/13,42.49271
3/6/13,47.5
3/5/13,40.04
3/4/13,36.35
3/3/13,34.10007
3/2/13,34.1808
3/1/13,34.87799
2/28/13,33.50001
2/27/13,31.40181
2/26/13,31.179
2/25/13,30.25001
2/24/13,30.29777
2/23/13,29.27998
2/22/13,30.901
2/21/13,29.80012
2/20/13,29.81231
2/19/13,28.78999
2/18/13,26.81565
2/17/13,25.6083
2/16/13,27.07009
2/15/13,26.99898
2/14/13,26.53092
2/13/13,26.09999
2/12/13,25.76997
2/11/13,24.1955
2/10/13,23.61458
2/9/13,23.69997
2/8/13,22.15
2/7/13,22.15
2/6/13,21.3339
2/5/13,20.79
2/4/13,21.05
2/3/13,20.68
2/2/13,21.1
2/1/13,21.3
1/31/13,21.43
1/30/13,19.7
1/29/13,19.8
1/28/13,18.45
1/27/13,17.99999
1/26/13,17.61926
1/25/13,18.8348
1/24/13,19.18999
1/23/13,17.5889
1/22/13,17.59
1/21/13,16.98
1/20/13,15.89
1/19/13,15.84304
1/18/13,15.985
1/17/13,15.39
1/16/13,14.689
1/15/13,14.47899
1/14/13,14.3
1/13/13,14.3148
1/12/13,14.34999
1/11/13,14.29999
1/10/13,14.32
1/9/13,13.87998
1/8/13,13.83
1/7/13,13.535
1/6/13,13.52999
1/5/13,13.548
1/4/13,13.48986
1/3/13,13.464
1/2/13,13.4
1/1/13,13.561
12/31/12,13.59
12/30/12,13.56998
12/29/12,13.67
12/28/12,13.6499
12/27/12,13.47
12/26/12,13.3989
12/25/12,13.45
12/24/12,13.45
12/23/12,13.48547
12/22/12,13.58998
12/21/12,13.6475
12/20/12,13.72
12/19/12,13.399
12/18/12,13.399
12/17/12,13.498
12/16/12,13.66548
12/15/12,13.7722
12/14/12,13.90119
12/13/12,13.79989
12/12/12,13.63999
12/11/12,13.63999
12/10/12,13.55
12/9/12,13.53
12/8/12,13.55
12/7/12,13.68
12/6/12,13.6888
12/5/12,13.5
12/4/12,12.96675
12/3/12,12.67901
12/2/12,12.68
12/1/12,12.68778
11/30/12,12.65
11/29/12,12.599
11/28/12,12.40712
11/27/12,12.52999
11/26/12,12.6515
11/25/12,12.6
11/24/12,12.4108
11/23/12,12.43
11/22/12,12.28
11/21/12,11.784
11/20/12,11.84
11/19/12,11.79998
11/18/12,11.832
11/17/12,11.8
11/16/12,11.8
11/15/12,11.114
11/14/12,11.05
11/13/12,11.129
11/12/12,11.18
11/11/12,10.939
11/10/12,10.95899
11/9/12,11.07
11/8/12,11.0979
11/7/12,11.21603
11/6/12,10.88997
11/5/12,10.9
11/4/12,10.68
11/3/12,10.60097
11/2/12,11.20999
11/1/12,11.279
10/31/12,11.14
10/30/12,10.85
10/29/12,10.95
10/28/12,10.61
10/27/12,10.83883
10/26/12,11.09988
10/25/12,11.71
10/24/12,11.82
10/23/12,12
10/22/12,11.81
10/21/12,11.7965
10/20/12,11.85
10/19/12,11.967
10/18/12,11.95998
10/17/12,11.99
10/16/12,11.99
10/15/12,12.03
10/14/12,12
10/13/12,12.137
10/12/12,12.15
10/11/12,12.19
10/10/12,12.15
10/9/12,12.35
10/8/12,12.08
10/7/12,12.7369
10/6/12,12.89999
10/5/12,12.99
10/4/12,13.0899
10/3/12,12.8999
10/2/12,12.88
10/1/12,12.481
9/30/12,12.47499
9/29/12,12.49
9/28/12,12.444
9/27/12,12.46
9/26/12,12.28
9/25/12,12.22909
9/24/12,12.29888
9/23/12,12.2749
9/22/12,12.4433
9/21/12,12.57001
9/20/12,12.68666
9/19/12,12.61
9/18/12,12.09
9/17/12,11.9625
9/16/12,11.99
9/15/12,11.799
9/14/12,11.75
9/13/12,11.399
9/12/12,11.3789
9/11/12,11.19401
9/10/12,11.127
9/9/12,11.14288
9/8/12,11.21
9/7/12,11.29
9/6/12,11.17
9/5/12,10.57888
9/4/12,10.5934
9/3/12,10.5
9/2/12,10.18999
9/1/12,10.42
8/31/12,10.8359
8/30/12,10.937
8/29/12,11.20999
8/28/12,11.3807
8/27/12,12.14999
8/26/12,10.61913
8/25/12,10.25
8/24/12,10.25
8/23/12,10.25
8/22/12,10.26
8/21/12,10.29999
8/20/12,10.5
8/19/12,12
8/18/12,15.26014
8/17/12,15.4
8/16/12,13.84119
8/15/12,12.67
8/14/12,12.17887
8/13/12,11.86999
8/12/12,11.765
8/11/12,11.59788
8/10/12,11.6
8/9/12,12
8/8/12,11.14999
8/7/12,11.04
8/6/12,11.29112
8/5/12,11.1869
8/4/12,11.3
8/3/12,11.1188
8/2/12,9.8
8/1/12,9.54
7/31/12,9.44
7/30/12,9.15
7/29/12,8.889
7/28/12,8.93
7/27/12,8.95
7/26/12,8.9
7/25/12,8.76998
7/24/12,8.96
7/23/12,9.2
7/22/12,9
7/21/12,9.7
7/20/12,9.23355
7/19/12,9.27491
7/18/12,9.39899
7/17/12,9.49
7/16/12,8.2899
7/15/12,7.64877
7/14/12,7.68891
7/13/12,7.9
7/12/12,7.32
7/11/12,7.257
7/10/12,7.239
7/9/12,6.896
7/8/12,6.87
7/7/12,6.75
7/6/12,6.73449
7/5/12,6.77
7/4/12,6.55
7/3/12,6.765
7/2/12,6.75
7/1/12,6.694
6/30/12,6.693
6/29/12,6.662
6/28/12,6.66897
6/27/12,6.55555
6/26/12,6.4514
6/25/12,6.44999
6/24/12,6.5915
6/23/12,6.65062
6/22/12,6.79962
6/21/12,6.8
6/20/12,6.64999
6/19/12,6.53294
6/18/12,6.4668
6/17/12,6.52999
6/16/12,6.599
6/15/12,6.165
6/14/12,5.95
6/13/12,5.96
6/12/12,5.7
6/11/12,5.54545
6/10/12,5.62
6/9/12,5.69999
6/8/12,5.66
6/7/12,5.529
6/6/12,5.47
6/5/12,5.5
6/4/12,5.2785
6/3/12,5.26466
6/2/12,5.279
6/1/12,5.27
5/31/12,5.19
5/30/12,5.1725
5/29/12,5.15889
5/28/12,5.16
5/27/12,5.148
5/26/12,5.149
5/25/12,5.15
5/24/12,5.2324
5/23/12,5.16
5/22/12,5.12
5/21/12,5.1475
5/20/12,5.15
5/19/12,5.14291
5/18/12,5.13
5/17/12,5.1345
5/16/12,5.08998
5/15/12,5.09
5/14/12,5.036
5/13/12,4.99888
5/12/12,5
5/11/12,5.03188
5/10/12,5.125
5/9/12,5.09609
5/8/12,5.1
5/7/12,5.0947
5/6/12,5.099
5/5/12,5.1495
5/4/12,5.15
5/3/12,5.184
5/2/12,5.1789
5/1/12,5
4/30/12,5
4/29/12,5.0184
4/28/12,5.1176
4/27/12,5.1372
4/26/12,5.18
4/25/12,5.16
4/24/12,5.2
4/23/12,5.21799
4/22/12,5.3287
4/21/12,5.48
4/20/12,5.17
4/19/12,5.19
4/18/12,5.1782
4/17/12,5.02207
4/16/12,4.98
4/15/12,4.98389
4/14/12,5.03
4/13/12,4.94464
4/12/12,4.98
4/11/12,4.8941
4/10/12,4.9
4/9/12,4.8
4/8/12,4.8
4/7/12,4.98
4/6/12,4.96
4/5/12,4.94486
4/4/12,4.97
4/3/12,5.01
4/2/12,5.08
4/1/12,4.929
3/31/12,4.95
3/30/12,4.83
3/29/12,4.86092
3/28/12,4.84592
3/27/12,4.74
3/26/12,4.73793
3/25/12,4.68294
3/24/12,4.74896
3/23/12,4.83
3/22/12,4.88
3/21/12,4.87
3/20/12,4.98
3/19/12,5.3099
3/18/12,5.37998
3/17/12,5.3998
3/16/12,5.4
3/15/12,5.45
3/14/12,5.4444
3/13/12,5.41
3/12/12,4.95915
3/11/12,4.99
3/10/12,4.94
3/9/12,4.9499
3/8/12,5
3/7/12,5.07
3/6/12,5.05
3/5/12,5.04
3/4/12,4.9
3/3/12,4.77995
3/2/12,4.98888
3/1/12,4.98421
2/29/12,4.9
2/28/12,5
2/27/12,5.1
2/26/12,5.00073
2/25/12,5.07
2/24/12,5.19778
2/23/12,4.92481
2/22/12,4.54
2/21/12,4.4354
2/20/12,4.52
2/19/12,4.33333
2/18/12,4.49675
2/17/12,4.76998
2/16/12,4.73368
2/15/12,4.88
2/14/12,5.6
2/13/12,5.72
2/12/12,5.85
2/11/12,6
2/10/12,5.92525
2/9/12,5.8
2/8/12,5.8494
2/7/12,5.70999
2/6/12,5.79
2/5/12,5.9625
2/4/12,6
2/3/12,6.148
2/2/12,6.2
2/1/12,5.638
1/31/12,5.65
1/30/12,5.6
1/29/12,5.76
1/28/12,5.74815
1/27/12,5.689
1/26/12,6.2
1/25/12,6.45
1/24/12,6.515
1/23/12,6.45485
1/22/12,6.39
1/21/12,6.55
1/20/12,6.58
1/19/12,6.3
1/18/12,6.95
1/17/12,6.98
1/16/12,7.18888
1/15/12,6.98999
1/14/12,6.75
1/13/12,6.85838999
1/12/12,6.997
1/11/12,7.138
1/10/12,6.89
1/9/12,7.2
1/8/12,7.2
1/7/12,7.01556
1/6/12,7.22
1/5/12,6.399
1/4/12,5.6063
1/3/12,5.29
1/2/12,5.4999
1/1/12,5.2
12/31/11,4.995
12/30/11,4.3
12/29/11,4.33
12/28/11,4.18888
12/27/11,4.06
12/26/11,4.31259
12/25/11,4.3897
12/24/11,3.9499
12/23/11,3.95
12/22/11,3.99199
12/21/11,4.11
12/20/11,4.5
12/19/11,3.70036
12/18/11,3.25
12/17/11,3.23
12/16/11,3.23
12/15/11,3.1933
12/14/11,3.277
12/13/11,3.3
12/12/11,3.34237
12/11/11,3.38
12/10/11,3.04
12/9/11,3.039
12/8/11,3.1
12/7/11,3.082
12/6/11,3.05
12/5/11,2.93
12/4/11,2.99
12/3/11,3.12999
12/2/11,3.138
12/1/11,3.14
11/30/11,2.959
11/29/11,2.981
11/28/11,2.53899
11/27/11,2.4965
11/26/11,2.53125
11/25/11,2.56
11/24/11,2.46
11/23/11,2.38
11/22/11,2.35
11/21/11,2.29
11/20/11,2.499
11/19/11,2.3
11/18/11,2.38998
11/17/11,2.60031
11/16/11,2.6
11/15/11,2.69
11/14/11,3.03
11/13/11,3.099
11/12/11,3.11
11/11/11,3
11/10/11,3
11/9/11,3.114
11/8/11,3.21
11/7/11,3.0289
11/6/11,3.05
11/5/11,3.21
11/4/11,3.21874
11/3/11,3.299
11/2/11,3.44
11/1/11,3.35
10/31/11,3.388
10/30/11,3.65026
10/29/11,3.82717
10/28/11,3.255
10/27/11,3.0499
10/26/11,2.876
10/25/11,3.04
10/24/11,3.2
10/23/11,3.36
10/22/11,3.3
10/21/11,2.72002
10/20/11,2.42
10/19/11,2.64999
10/18/11,2.9
10/17/11,3.75996
10/16/11,3.9009
10/15/11,4.05
10/14/11,4.11455
10/13/11,4.45
10/12/11,4.20612
10/11/11,4.14001
10/10/11,4.25937
10/9/11,4.389
10/8/11,4.594
10/7/11,4.85
10/6/11,4.93
10/5/11,5.025
10/4/11,5.03
10/3/11,5.07546
10/2/11,5.16
10/1/11,5.3
9/30/11,5.35
9/29/11,4.809
9/28/11,4.989
9/27/11,5.13018
9/26/11,5.46014
9/25/11,5.5
9/24/11,5.66
9/23/11,5.70653
9/22/11,5.83001
9/21/11,6.28664
9/20/11,6.795
9/19/11,5.6
9/18/11,5
9/17/11,5.022
9/16/11,5.23
9/15/11,5.69
9/14/11,5.990000001
9/13/11,6.25
9/12/11,7.081
9/11/11,7.4
9/10/11,6.20892
9/9/11,6.94
9/8/11,7.31509
9/7/11,7.59916
9/6/11,7.65713
9/5/11,8.467
9/4/11,8.593999999
9/3/11,8.7138
9/2/11,8.4989
9/1/11,8.44934
8/31/11,9
8/30/11,9.15031
8/29/11,9.4811
8/28/11,9.48
8/27/11,9.11
8/26/11,10.3
8/25/11,10.96554
8/24/11,11.4
8/23/11,11.49
8/22/11,11.501
8/21/11,11.59
8/20/11,11.798
8/19/11,11.81
8/18/11,11.67
8/17/11,11.3
8/16/11,11.38
8/15/11,11.89
8/14/11,11.24
8/13/11,10.05
8/12/11,9.89520343
8/11/11,10.4959
8/10/11,10.7
8/9/11,12.1
8/8/11,8.89
8/7/11,9.8
8/6/11,11
8/5/11,11.55
8/4/11,11.4876543
8/3/11,13.1
8/2/11,13.45
8/1/11,13.5501
7/31/11,14.8999
7/30/11,13.8
7/29/11,13.8
7/28/11,14
7/27/11,14.13
7/26/11,14.4
7/25/11,14.7399
7/24/11,13.979999
7/23/11,13.92
7/22/11,13.9389
7/21/11,13.9389
7/20/11,14.04
7/19/11,14.7
7/18/11,13.6901
7/17/11,13.96
7/16/11,14.1
7/15/11,14.3
7/14/11,14.1
7/13/11,14.15
7/12/11,14.63988
7/11/11,15.1999
7/10/11,15.68
7/9/11,15
7/8/11,15.64276
7/7/11,16.25
7/6/11,16.5
7/5/11,15
7/4/11,15.85
7/3/11,15.7
7/2/11,16.49
7/1/11,17
6/30/11,17.5
6/29/11,17.3
6/28/11,17.52
6/27/11,18
6/26/11,17.51001
6/25/11,17.6
6/24/11,16.7501
6/23/11,16
6/22/11,15.05
6/21/11,15.5
6/20/11,17.35
6/19/11,18.8766
6/18/11,17.2
6/17/11,19.3898
6/16/11,19.96
6/15/11,20
6/14/11,20.99
6/13/11,24.5
6/12/11,24.99
6/11/11,30
6/10/11,35
6/9/11,31.5
6/8/11,31.9099
6/7/11,19.06
6/6/11,19.23
6/5/11,18.998
6/4/11,17.41
6/3/11,14.3
6/2/11,10.57
6/1/11,9.391
5/31/11,9.4998
5/30/11,9
5/29/11,8.4992
5/28/11,8.735
5/27/11,8.92
5/26/11,9.33
5/25/11,7.51
5/24/11,7.2
5/23/11,7.45
5/22/11,6.61
5/21/11,6.6036
5/20/11,7.1
5/19/11,7.34
5/18/11,7.874
5/17/11,8.38901
5/16/11,8.5
5/15/11,8.55
5/14/11,8.9
5/13/11,8.45
5/12/11,5.94998
5/11/11,6.065
5/10/11,5.2
5/9/11,3.937
5/8/11,3.9
5/7/11,3.7
5/6/11,3.5998
5/5/11,3.5
5/4/11,3.58
5/3/11,3.49
5/2/11,3.495
5/1/11,4.09
4/30/11,4.14996
4/29/11,2.7
4/28/11,2.65
4/27/11,1.95
4/26/11,1.73
4/25/11,1.701
4/24/11,1.95
4/23/11,1.549
4/22/11,1.332
4/21/11,1.1979
4/20/11,1.1979
4/19/11,1.19
4/18/11,1.1999
4/17/11,1.085
4/16/11,1.095
4/15/11,1.08999
4/14/11,0.94
4/13/11,1
4/12/11,0.897
4/11/11,0.781
4/10/11,0.758899
4/9/11,0.7676
4/8/11,0.799
4/7/11,0.7677
4/6/11,0.747844
4/5/11,0.71
4/4/11,0.79
4/3/11,0.7998
4/2/11,0.79697
4/1/11,0.79997
3/31/11,0.80098
3/30/11,0.795
3/29/11,0.8
3/28/11,0.8575
3/27/11,0.8958
3/26/11,0.905
3/25/11,0.89
3/24/11,0.9
3/23/11,0.85
3/22/11,0.799646
3/21/11,0.7883
3/20/11,0.79
3/19/11,0.824
3/18/11,0.850617
3/17/11,0.88
3/16/11,0.89
3/15/11,0.899885
3/14/11,0.9
3/13/11,0.9196
3/12/11,0.9197
3/11/11,0.9329
3/10/11,0.87
3/9/11,0.883751
3/8/11,0.9072
3/7/11,0.909
3/6/11,0.910445
3/5/11,0.918901
3/4/11,0.9392
3/3/11,0.94
3/2/11,0.9498
3/1/11,0.97
2/28/11,0.949231
2/27/11,0.96
2/26/11,0.988567
2/25/11,1
2/24/11,0.9499
2/23/11,0.95
2/22/11,0.869499
2/21/11,0.8796
2/20/11,0.954896
2/19/11,1.02
2/18/11,1.05019
2/17/11,1.05019
2/16/11,1.05019
2/15/11,1.085
2/14/11,1.08
2/13/11,1.08
2/12/11,1.0899
2/11/11,1.0065
2/10/11,1.1
2/9/11,0.935
2/8/11,0.9
2/7/11,0.90585
2/6/11,0.92
2/5/11,0.9167
2/4/11,0.88
2/3/11,0.75
2/2/11,0.840099
2/1/11,0.95
1/31/11,0.5
1/30/11,0.48
1/29/11,0.446
1/28/11,0.45
1/27/11,0.4174
1/26/11,0.425
1/25/11,0.425
1/24/11,0.443
1/23/11,0.4443
1/22/11,0.4299
1/21/11,0.44
1/20/11,0.3675
1/19/11,0.3401
1/18/11,0.38679
1/17/11,0.4
1/16/11,0.4
1/15/11,0.4
1/14/11,0.45
1/13/11,0.405
1/12/11,0.35
1/11/11,0.329
1/10/11,0.329
1/9/11,0.322998
1/8/11,0.322898
1/7/11,0.322
1/6/11,0.299
1/5/11,0.298998
1/4/11,0.299899
1/3/11,0.299998
1/2/11,0.299996
1/1/11,0.299998
12/31/10,0.299999
12/30/10,0.299999
12/29/10,0.301
12/28/10,0.28
12/27/10,0.265
12/26/10,0.269999
12/25/10,0.25
12/24/10,0.25
12/23/10,0.25
12/22/10,0.267
12/21/10,0.26909
12/20/10,0.275
12/19/10,0.2499
12/18/10,0.249
12/17/10,0.255
12/16/10,0.2459
12/15/10,0.2468
12/14/10,0.23
12/13/10,0.22748
12/12/10,0.228
12/11/10,0.2275
12/10/10,0.204
12/9/10,0.2388
12/8/10,0.2477
12/7/10,0.226
12/6/10,0.225
12/5/10,0.235
12/4/10,0.2589
12/3/10,0.2553
12/2/10,0.25
12/1/10,0.225
11/30/10,0.275
11/29/10,0.279
11/28/10,0.28461
11/27/10,0.284399
11/26/10,0.289
11/25/10,0.28299
11/24/10,0.28299
11/23/10,0.2879
11/22/10,0.282
11/21/10,0.29
11/20/10,0.289
11/19/10,0.283
11/18/10,0.289999
11/17/10,0.28
11/16/10,0.2827
11/15/10,0.2828
11/14/10,0.299
11/13/10,0.3
11/12/10,0.251
11/11/10,0.24
11/10/10,0.2667
11/9/10,0.3368
11/8/10,0.37
11/7/10,0.499999
11/6/10,0.29
11/5/10,0.2399
11/4/10,0.23601
11/3/10,0.275
11/2/10,0.1955
11/1/10,0.1975
10/31/10,0.199
10/30/10,0.1919
10/29/10,0.191
10/28/10,0.19001
10/27/10,0.19
10/26/10,0.19
10/25/10,0.15
10/24/10,0.19
10/23/10,0.10901
10/22/10,0.107
10/21/10,0.109
10/20/10,0.103
10/19/10,0.1024
10/18/10,0.103
10/17/10,0.1045
10/16/10,0.109
10/15/10,0.119
10/14/10,0.105
10/13/10,0.095
10/12/10,0.099
10/11/10,0.1301
10/10/10,0.12
10/9/10,0.12001
10/8/10,0.088
10/7/10,0.0638
10/6/10,0.0633
10/5/10,0.06301
10/4/10,0.062
10/3/10,0.0614
10/2/10,0.061999
10/1/10,0.061999
9/30/10,0.06192
9/29/10,0.06219
9/28/10,0.06271
9/27/10,0.062206
9/26/10,0.062279
9/25/10,0.0624
9/24/10,0.06281
9/23/10,0.063
9/22/10,0.0628
9/21/10,0.0633
9/20/10,0.0634
9/19/10,0.062599
9/18/10,0.0609
9/17/10,0.0609
9/16/10,0.0619
9/15/10,0.175
9/14/10,0.0641
9/13/10,0.06201
9/12/10,0.064999
9/11/10,0.062
9/10/10,0.06201
9/9/10,0.0624
9/8/10,0.06201
9/7/10,0.06185
9/6/10,0.064
9/5/10,0.0629
9/4/10,0.0613
9/3/10,0.0634
9/2/10,0.0629
9/1/10,0.0649
8/31/10,0.06497
8/30/10,0.069
8/29/10,0.0648
8/28/10,0.065
8/27/10,0.065
8/26/10,0.066499
8/25/10,0.0665
8/24/10,0.066889
8/23/10,0.066
8/22/10,0.0664
8/21/10,0.066899
8/20/10,0.0667
8/19/10,0.0688
8/18/10,0.074
8/17/10,0.0769
8/16/10,0
8/15/10,0
8/14/10,0
8/13/10,0
8/12/10,0
8/11/10,0
8/10/10,0
8/9/10,0
8/8/10,0
8/7/10,0
8/6/10,0
8/5/10,0
8/4/10,0
8/3/10,0
8/2/10,0
8/1/10,0
7/31/10,0
7/30/10,0
7/29/10,0
7/28/10,0
7/27/10,0
7/26/10,0
7/25/10,0
7/24/10,0
7/23/10,0
7/22/10,0
7/21/10,0
7/20/10,0
7/19/10,0
7/18/10,0
7/17/10,0
7/16/10,0
7/15/10,0
7/14/10,0
7/13/10,0
7/12/10,0
7/11/10,0
7/10/10,0
7/9/10,0
7/8/10,0
7/7/10,0
7/6/10,0
7/5/10,0
7/4/10,0
7/3/10,0
7/2/10,0
7/1/10,0
6/30/10,0
6/29/10,0
6/28/10,0
6/27/10,0
6/26/10,0
6/25/10,0
6/24/10,0
6/23/10,0
6/22/10,0
6/21/10,0
6/20/10,0
6/19/10,0
6/18/10,0
6/17/10,0
6/16/10,0
6/15/10,0
6/14/10,0
6/13/10,0
6/12/10,0
6/11/10,0
6/10/10,0
6/9/10,0
6/8/10,0
6/7/10,0
6/6/10,0
6/5/10,0
6/4/10,0
6/3/10,0
6/2/10,0
6/1/10,0
5/31/10,0
5/30/10,0
5/29/10,0
5/28/10,0
5/27/10,0
5/26/10,0
5/25/10,0
5/24/10,0
5/23/10,0
5/22/10,0
5/21/10,0
5/20/10,0
5/19/10,0
5/18/10,0
5/17/10,0
5/16/10,0
5/15/10,0
5/14/10,0
5/13/10,0
5/12/10,0
5/11/10,0
5/10/10,0
5/9/10,0
5/8/10,0
5/7/10,0
5/6/10,0
5/5/10,0
5/4/10,0
5/3/10,0
5/2/10,0
5/1/10,0
4/30/10,0
4/29/10,0
4/28/10,0
4/27/10,0
4/26/10,0
4/25/10,0
4/24/10,0
4/23/10,0
4/22/10,0
4/21/10,0
4/20/10,0
4/19/10,0
4/18/10,0
4/17/10,0
4/16/10,0
4/15/10,0
4/14/10,0
4/13/10,0
4/12/10,0
4/11/10,0
4/10/10,0
4/9/10,0
4/8/10,0
4/7/10,0
4/6/10,0
4/5/10,0
4/4/10,0
4/3/10,0
4/2/10,0
4/1/10,0
3/31/10,0
3/30/10,0
3/29/10,0
3/28/10,0
3/27/10,0
3/26/10,0
3/25/10,0
3/24/10,0
3/23/10,0
3/22/10,0
3/21/10,0
3/20/10,0
3/19/10,0
3/18/10,0
3/17/10,0
3/16/10,0
3/15/10,0
3/14/10,0
3/13/10,0
3/12/10,0
3/11/10,0
3/10/10,0
3/9/10,0
3/8/10,0
3/7/10,0
3/6/10,0
3/5/10,0
3/4/10,0
3/3/10,0
3/2/10,0
3/1/10,0
2/28/10,0
2/27/10,0
2/26/10,0
2/25/10,0
2/24/10,0
2/23/10,0
2/22/10,0
2/21/10,0
2/20/10,0
2/19/10,0
2/18/10,0
2/17/10,0
2/16/10,0
2/15/10,0
2/14/10,0
2/13/10,0
2/12/10,0
2/11/10,0
2/10/10,0
2/9/10,0
2/8/10,0
2/7/10,0
2/6/10,0
2/5/10,0
2/4/10,0
2/3/10,0
2/2/10,0
2/1/10,0
1/31/10,0
1/30/10,0
1/29/10,0
1/28/10,0
1/27/10,0
1/26/10,0
1/25/10,0
1/24/10,0
1/23/10,0
1/22/10,0
1/21/10,0
1/20/10,0
1/19/10,0
1/18/10,0
1/17/10,0
1/16/10,0
1/15/10,0
1/14/10,0
1/13/10,0
1/12/10,0
1/11/10,0
1/10/10,0
1/9/10,0
1/8/10,0
1/7/10,0
1/6/10,0
1/5/10,0
1/4/10,0
1/3/10,0
1/2/10,0
1/1/10,0
12/31/09,0
12/30/09,0
12/29/09,0
12/28/09,0
12/27/09,0
12/26/09,0
12/25/09,0
12/24/09,0
12/23/09,0
12/22/09,0
12/21/09,0
12/20/09,0
12/19/09,0
12/18/09,0
12/17/09,0
12/16/09,0
12/15/09,0
12/14/09,0
12/13/09,0
12/12/09,0
12/11/09,0
12/10/09,0
12/9/09,0
12/8/09,0
12/7/09,0
12/6/09,0
12/5/09,0
12/4/09,0
12/3/09,0
12/2/09,0
12/1/09,0
11/30/09,0
11/29/09,0
11/28/09,0
11/27/09,0
11/26/09,0
11/25/09,0
11/24/09,0
11/23/09,0
11/22/09,0
11/21/09,0
11/20/09,0
11/19/09,0
11/18/09,0
11/17/09,0
11/16/09,0
11/15/09,0
11/14/09,0
11/13/09,0
11/12/09,0
11/11/09,0
11/10/09,0
11/9/09,0
11/8/09,0
11/7/09,0
11/6/09,0
11/5/09,0
11/4/09,0
11/3/09,0
11/2/09,0
11/1/09,0
10/31/09,0
10/30/09,0
10/29/09,0
10/28/09,0
10/27/09,0
10/26/09,0
10/25/09,0
10/24/09,0
10/23/09,0
10/22/09,0
10/21/09,0
10/20/09,0
10/19/09,0
10/18/09,0
10/17/09,0
10/16/09,0
10/15/09,0
10/14/09,0
10/13/09,0
10/12/09,0
10/11/09,0
10/10/09,0
10/9/09,0
10/8/09,0
10/7/09,0
10/6/09,0
10/5/09,0
10/4/09,0
10/3/09,0
10/2/09,0
10/1/09,0
9/30/09,0
9/29/09,0
9/28/09,0
9/27/09,0
9/26/09,0
9/25/09,0
9/24/09,0
9/23/09,0
9/22/09,0
9/21/09,0
9/20/09,0
9/19/09,0
9/18/09,0
9/17/09,0
9/16/09,0
9/15/09,0
9/14/09,0
9/13/09,0
9/12/09,0
9/11/09,0
9/10/09,0
9/9/09,0
9/8/09,0
9/7/09,0
9/6/09,0
9/5/09,0
9/4/09,0
9/3/09,0
9/2/09,0
9/1/09,0
8/31/09,0
8/30/09,0
8/29/09,0
8/28/09,0
8/27/09,0
8/26/09,0
8/25/09,0
8/24/09,0
8/23/09,0
8/22/09,0
8/21/09,0
8/20/09,0
8/19/09,0
8/18/09,0
8/17/09,0
8/16/09,0
8/15/09,0
8/14/09,0
8/13/09,0
8/12/09,0
8/11/09,0
8/10/09,0
8/9/09,0
8/8/09,0
8/7/09,0
8/6/09,0
8/5/09,0
8/4/09,0
8/3/09,0
8/2/09,0
8/1/09,0
7/31/09,0
7/30/09,0
7/29/09,0
7/28/09,0
7/27/09,0
7/26/09,0
7/25/09,0
7/24/09,0
7/23/09,0
7/22/09,0
7/21/09,0
7/20/09,0
7/19/09,0
7/18/09,0
7/17/09,0
7/16/09,0
7/15/09,0
7/14/09,0
7/13/09,0
7/12/09,0
7/11/09,0
7/10/09,0
7/9/09,0
7/8/09,0
7/7/09,0
7/6/09,0
7/5/09,0
7/4/09,0
7/3/09,0
7/2/09,0
7/1/09,0
6/30/09,0
6/29/09,0
6/28/09,0
6/27/09,0
6/26/09,0
6/25/09,0
6/24/09,0
6/23/09,0
6/22/09,0
6/21/09,0
6/20/09,0
6/19/09,0
6/18/09,0
6/17/09,0
6/16/09,0
6/15/09,0
6/14/09,0
6/13/09,0
6/12/09,0
6/11/09,0
6/10/09,0
6/9/09,0
6/8/09,0
6/7/09,0
6/6/09,0
6/5/09,0
6/4/09,0
6/3/09,0
6/2/09,0
6/1/09,0
5/31/09,0
5/30/09,0
5/29/09,0
5/28/09,0
5/27/09,0
5/26/09,0
5/25/09,0
5/24/09,0
5/23/09,0
5/22/09,0
5/21/09,0
5/20/09,0
5/19/09,0
5/18/09,0
5/17/09,0
5/16/09,0
5/15/09,0
5/14/09,0
5/13/09,0
5/12/09,0
5/11/09,0
5/10/09,0
5/9/09,0
5/8/09,0
5/7/09,0
5/6/09,0
5/5/09,0
5/4/09,0
5/3/09,0
5/2/09,0
5/1/09,0
4/30/09,0
4/29/09,0
4/28/09,0
4/27/09,0
4/26/09,0
4/25/09,0
4/24/09,0
4/23/09,0
4/22/09,0
4/21/09,0
4/20/09,0
4/19/09,0
4/18/09,0
4/17/09,0
4/16/09,0
4/15/09,0
4/14/09,0
4/13/09,0
4/12/09,0
4/11/09,0
4/10/09,0
4/9/09,0
4/8/09,0
4/7/09,0
4/6/09,0
4/5/09,0
4/4/09,0
4/3/09,0
4/2/09,0
4/1/09,0
3/31/09,0
3/30/09,0
3/29/09,0
3/28/09,0
3/27/09,0
3/26/09,0
3/25/09,0
3/24/09,0
3/23/09,0
3/22/09,0
3/21/09,0
3/20/09,0
3/19/09,0
3/18/09,0
3/17/09,0
3/16/09,0
3/15/09,0
3/14/09,0
3/13/09,0
3/12/09,0
3/11/09,0
3/10/09,0
3/9/09,0
3/8/09,0
3/7/09,0
3/6/09,0
3/5/09,0
3/4/09,0
3/3/09,0
3/2/09,0
3/1/09,0
2/28/09,0
2/27/09,0
2/26/09,0
2/25/09,0
2/24/09,0
2/23/09,0
2/22/09,0
2/21/09,0
2/20/09,0
2/19/09,0
2/18/09,0
2/17/09,0
2/16/09,0
2/15/09,0
2/14/09,0
2/13/09,0
2/12/09,0
2/11/09,0
2/10/09,0
2/9/09,0
2/8/09,0
2/7/09,0
2/6/09,0
2/5/09,0
2/4/09,0
2/3/09,0
2/2/09,0
2/1/09,0
1/31/09,0
1/30/09,0
1/29/09,0
1/28/09,0
1/27/09,0
1/26/09,0
1/25/09,0
1/24/09,0
1/23/09,0
1/22/09,0
1/21/09,0
1/20/09,0
1/19/09,0
1/18/09,0
1/17/09,0
1/16/09,0
1/15/09,0
1/14/09,0
1/13/09,0
1/12/09,0
1/11/09,0
1/10/09,0
1/9/09,0
1/8/09,0
1/7/09,0
1/6/09,0
1/5/09,0
1/4/09,0
1/3/09,0